name	measure	value
2026-01-07_17:05:52	missing_topics	2.0
2026-01-07_17:05:52	JaccardIndex(title)	0.4468798003072197
2026-01-07_17:05:52	JaccardIndex(description)	0.1855998082879715
2026-01-07_17:05:52	JaccardIndex(narrative)	0.10233421337264882
2026-01-07_17:05:52	JaccardIndex(combined)	0.13537140655270308
2025-12-06_08:34:53	missing_topics	2.0
2025-12-06_08:34:53	JaccardIndex(title)	0.42880184331797233
2025-12-06_08:34:53	JaccardIndex(description)	0.1839818207439581
2025-12-06_08:34:53	JaccardIndex(narrative)	0.11826995881862506
2025-12-06_08:34:53	JaccardIndex(combined)	0.15077798100223172
2025-12-25_09:59:10	missing_topics	2.0
2025-12-25_09:59:10	JaccardIndex(title)	0.590937019969278
2025-12-25_09:59:10	JaccardIndex(description)	0.20922795755949042
2025-12-25_09:59:10	JaccardIndex(narrative)	0.12103410117804993
2025-12-25_09:59:10	JaccardIndex(combined)	0.16699676059692908
2025-12-21_15:58:14	missing_topics	2.0
2025-12-21_15:58:14	JaccardIndex(title)	0.48761040706605224
2025-12-21_15:58:14	JaccardIndex(description)	0.1784140172810572
2025-12-21_15:58:14	JaccardIndex(narrative)	0.11258811446966607
2025-12-21_15:58:14	JaccardIndex(combined)	0.14159653896633795
2026-01-07_16:27:03	missing_topics	2.0
2026-01-07_16:27:03	JaccardIndex(title)	0.38440380184331796
2026-01-07_16:27:03	JaccardIndex(description)	0.15875079302911554
2026-01-07_16:27:03	JaccardIndex(narrative)	0.09072041573208889
2026-01-07_16:27:03	JaccardIndex(combined)	0.1193489983193651
2026-01-07_16:33:03	missing_topics	2.0
2026-01-07_16:33:03	JaccardIndex(title)	0.3750096006144393
2026-01-07_16:33:03	JaccardIndex(description)	0.1621488565159818
2026-01-07_16:33:03	JaccardIndex(narrative)	0.09146963870533142
2026-01-07_16:33:03	JaccardIndex(combined)	0.11954463572042652
2025-12-01_12:25:54	missing_topics	2.0
2025-12-01_12:25:54	JaccardIndex(title)	0.42294546850998466
2025-12-01_12:25:54	JaccardIndex(description)	0.1869556243796321
2025-12-01_12:25:54	JaccardIndex(narrative)	0.0981915916734589
2025-12-01_12:25:54	JaccardIndex(combined)	0.13906218137658627
2025-12-25_12:05:47	missing_topics	2.0
2025-12-25_12:05:47	JaccardIndex(title)	0.6251104070660523
2025-12-25_12:05:47	JaccardIndex(description)	0.1970467062539166
2025-12-25_12:05:47	JaccardIndex(narrative)	0.11719727221382775
2025-12-25_12:05:47	JaccardIndex(combined)	0.1599076204014875
2025-12-06_07:51:05	missing_topics	2.0
2025-12-06_07:51:05	JaccardIndex(title)	0.41693548387096774
2025-12-06_07:51:05	JaccardIndex(description)	0.18703915139538224
2025-12-06_07:51:05	JaccardIndex(narrative)	0.11901569831064387
2025-12-06_07:51:05	JaccardIndex(combined)	0.1527246296513226
2025-12-05_19:12:05	missing_topics	2.0
2025-12-05_19:12:05	JaccardIndex(title)	0.43034754224270355
2025-12-05_19:12:05	JaccardIndex(description)	0.1885157049679188
2025-12-05_19:12:05	JaccardIndex(narrative)	0.10820809005696062
2025-12-05_19:12:05	JaccardIndex(combined)	0.1458589115038347
2025-11-25_14:14:47	missing_topics	2.0
2025-11-25_14:14:47	JaccardIndex(title)	0.3964813748079877
2025-11-25_14:14:47	JaccardIndex(description)	0.17431504189354383
2025-11-25_14:14:47	JaccardIndex(narrative)	0.10783110682163163
2025-11-25_14:14:47	JaccardIndex(combined)	0.13596796967067581
2025-12-01_20:16:06	missing_topics	8.0
2025-12-01_20:16:06	JaccardIndex(title)	0.41034533648170013
2025-12-01_20:16:06	JaccardIndex(description)	0.1771073568736031
2025-12-01_20:16:06	JaccardIndex(narrative)	0.09895212055921224
2025-12-01_20:16:06	JaccardIndex(combined)	0.1359880340963531
2025-12-25_14:45:38	missing_topics	2.0
2025-12-25_14:45:38	JaccardIndex(title)	0.6207853302611367
2025-12-25_14:45:38	JaccardIndex(description)	0.19522086507736244
2025-12-25_14:45:38	JaccardIndex(narrative)	0.1168026154874726
2025-12-25_14:45:38	JaccardIndex(combined)	0.15909374794767234
2026-01-07_16:21:53	missing_topics	2.0
2026-01-07_16:21:53	JaccardIndex(title)	0.3813940092165899
2026-01-07_16:21:53	JaccardIndex(description)	0.1649831328122341
2026-01-07_16:21:53	JaccardIndex(narrative)	0.09061212352060805
2026-01-07_16:21:53	JaccardIndex(combined)	0.12026303299612559
2025-12-06_07:20:44	missing_topics	2.0
2025-12-06_07:20:44	JaccardIndex(title)	0.43676075268817205
2025-12-06_07:20:44	JaccardIndex(description)	0.19371526249385573
2025-12-06_07:20:44	JaccardIndex(narrative)	0.12252134220535939
2025-12-06_07:20:44	JaccardIndex(combined)	0.15825996691832492
2025-11-25_14:51:47	missing_topics	2.0
2025-11-25_14:51:47	JaccardIndex(title)	0.3806499615975423
2025-11-25_14:51:47	JaccardIndex(description)	0.16187539601458892
2025-11-25_14:51:47	JaccardIndex(narrative)	0.0970993751470805
2025-11-25_14:51:47	JaccardIndex(combined)	0.12306269271371623
2025-11-25_14:56:59	missing_topics	2.0
2025-11-25_14:56:59	JaccardIndex(title)	0.3855558755760369
2025-11-25_14:56:59	JaccardIndex(description)	0.15928224133778104
2025-11-25_14:56:59	JaccardIndex(narrative)	0.09715438408076132
2025-11-25_14:56:59	JaccardIndex(combined)	0.12226170149900496
2025-12-05_15:21:43	missing_topics	2.0
2025-12-05_15:21:43	JaccardIndex(title)	0.41948924731182796
2025-12-05_15:21:43	JaccardIndex(description)	0.1897804876870118
2025-12-05_15:21:43	JaccardIndex(narrative)	0.1100025402431007
2025-12-05_15:21:43	JaccardIndex(combined)	0.14834322045530046
2026-01-07_16:17:21	missing_topics	2.0
2026-01-07_16:17:21	JaccardIndex(title)	0.38820564516129036
2026-01-07_16:17:21	JaccardIndex(description)	0.16323912762758294
2026-01-07_16:17:21	JaccardIndex(narrative)	0.09523830165605872
2026-01-07_16:17:21	JaccardIndex(combined)	0.1250283954954434
2026-01-07_16:55:01	missing_topics	2.0
2026-01-07_16:55:01	JaccardIndex(title)	0.462173579109063
2026-01-07_16:55:01	JaccardIndex(description)	0.1851063487004396
2026-01-07_16:55:01	JaccardIndex(narrative)	0.1055627329142864
2026-01-07_16:55:01	JaccardIndex(combined)	0.14040355758621662
2026-01-07_16:45:07	missing_topics	2.0
2026-01-07_16:45:07	JaccardIndex(title)	0.45707565284178187
2026-01-07_16:45:07	JaccardIndex(description)	0.19277455425697487
2026-01-07_16:45:07	JaccardIndex(narrative)	0.10958443603860908
2026-01-07_16:45:07	JaccardIndex(combined)	0.1440503317300203
2025-12-01_11:00:01	missing_topics	2.0
2025-12-01_11:00:01	JaccardIndex(title)	0.41067588325652843
2025-12-01_11:00:01	JaccardIndex(description)	0.18662850157898786
2025-12-01_11:00:01	JaccardIndex(narrative)	0.09842420069348062
2025-12-01_11:00:01	JaccardIndex(combined)	0.13953744642560822
2025-11-25_13:43:44	missing_topics	2.0
2025-11-25_13:43:44	JaccardIndex(title)	0.4699116743471582
2025-11-25_13:43:44	JaccardIndex(description)	0.19258758409576626
2025-11-25_13:43:44	JaccardIndex(narrative)	0.10748320309713424
2025-11-25_13:43:44	JaccardIndex(combined)	0.14357329927101378
2025-12-06_01:24:39	missing_topics	2.0
2025-12-06_01:24:39	JaccardIndex(title)	0.4086021505376344
2025-12-06_01:24:39	JaccardIndex(description)	0.1914434912628383
2025-12-06_01:24:39	JaccardIndex(narrative)	0.12342853466160912
2025-12-06_01:24:39	JaccardIndex(combined)	0.15829254995739478
2025-12-21_16:14:53	missing_topics	2.0
2025-12-21_16:14:53	JaccardIndex(title)	0.4768193164362519
2025-12-21_16:14:53	JaccardIndex(description)	0.17249581009702536
2025-12-21_16:14:53	JaccardIndex(narrative)	0.11069981707287431
2025-12-21_16:14:53	JaccardIndex(combined)	0.1376766090648535
2025-12-21_14:46:17	missing_topics	2.0
2025-12-21_14:46:17	JaccardIndex(title)	0.48219086021505375
2025-12-21_14:46:17	JaccardIndex(description)	0.17487603835450896
2025-12-21_14:46:17	JaccardIndex(narrative)	0.11525938125695522
2025-12-21_14:46:17	JaccardIndex(combined)	0.14605802865136677
2025-12-01_16:08:39	missing_topics	3.0
2025-12-01_16:08:39	JaccardIndex(title)	0.42335646809331023
2025-12-01_16:08:39	JaccardIndex(description)	0.17464633774421862
2025-12-01_16:08:39	JaccardIndex(narrative)	0.10540093396197774
2025-12-01_16:08:39	JaccardIndex(combined)	0.1420000337777647
2025-12-01_19:04:37	missing_topics	5.0
2025-12-01_19:04:37	JaccardIndex(title)	0.3827599611273081
2025-12-01_19:04:37	JaccardIndex(description)	0.176951536756856
2025-12-01_19:04:37	JaccardIndex(narrative)	0.10455368765577008
2025-12-01_19:04:37	JaccardIndex(combined)	0.14086440103552314
2025-12-22_19:53:42	missing_topics	2.0
2025-12-22_19:53:42	JaccardIndex(title)	0.604771505376344
2025-12-22_19:53:42	JaccardIndex(description)	0.220551418586246
2025-12-22_19:53:42	JaccardIndex(narrative)	0.12700450026011034
2025-12-22_19:53:42	JaccardIndex(combined)	0.17333341481853076
2026-01-07_16:54:45	missing_topics	2.0
2026-01-07_16:54:45	JaccardIndex(title)	0.45881336405529954
2026-01-07_16:54:45	JaccardIndex(description)	0.18544068970553576
2026-01-07_16:54:45	JaccardIndex(narrative)	0.10685481233145776
2026-01-07_16:54:45	JaccardIndex(combined)	0.13891850373921294
2025-12-21_16:26:42	missing_topics	3.0
2025-12-21_16:26:42	JaccardIndex(title)	0.4858910095752201
2025-12-21_16:26:42	JaccardIndex(description)	0.16942535963806735
2025-12-21_16:26:42	JaccardIndex(narrative)	0.10737001790332351
2025-12-21_16:26:42	JaccardIndex(combined)	0.13402718664295216
2025-12-21_16:05:30	missing_topics	2.0
2025-12-21_16:05:30	JaccardIndex(title)	0.47893145161290324
2025-12-21_16:05:30	JaccardIndex(description)	0.17701344279191109
2025-12-21_16:05:30	JaccardIndex(narrative)	0.10958494533553649
2025-12-21_16:05:30	JaccardIndex(combined)	0.1386046355373999
2025-11-25_13:33:00	missing_topics	2.0
2025-11-25_13:33:00	JaccardIndex(title)	0.37628648233486944
2025-11-25_13:33:00	JaccardIndex(description)	0.16828580073117463
2025-11-25_13:33:00	JaccardIndex(narrative)	0.09560627721156204
2025-11-25_13:33:00	JaccardIndex(combined)	0.12701136962479445
2025-12-25_17:58:54	missing_topics	2.0
2025-12-25_17:58:54	JaccardIndex(title)	0.6333189324116744
2025-12-25_17:58:54	JaccardIndex(description)	0.19828047791753908
2025-12-25_17:58:54	JaccardIndex(narrative)	0.11796789436409715
2025-12-25_17:58:54	JaccardIndex(combined)	0.15995021029338166
2025-12-06_09:34:29	missing_topics	2.0
2025-12-06_09:34:29	JaccardIndex(title)	0.4355894777265745
2025-12-06_09:34:29	JaccardIndex(description)	0.17721552400180246
2025-12-06_09:34:29	JaccardIndex(narrative)	0.1128618420817474
2025-12-06_09:34:29	JaccardIndex(combined)	0.14550999502521028
2025-12-01_19:23:27	missing_topics	4.0
2025-12-01_19:23:27	JaccardIndex(title)	0.37721641502129305
2025-12-01_19:23:27	JaccardIndex(description)	0.18818778243895629
2025-12-01_19:23:27	JaccardIndex(narrative)	0.10169151037440242
2025-12-01_19:23:27	JaccardIndex(combined)	0.1376568231163281
2025-11-25_14:45:17	missing_topics	2.0
2025-11-25_14:45:17	JaccardIndex(title)	0.40475070404505886
2025-11-25_14:45:17	JaccardIndex(description)	0.1625718471719241
2025-11-25_14:45:17	JaccardIndex(narrative)	0.10651250540763192
2025-11-25_14:45:17	JaccardIndex(combined)	0.13269291658822893
2025-12-21_12:51:12	missing_topics	2.0
2025-12-21_12:51:12	JaccardIndex(title)	0.4796274961597542
2025-12-21_12:51:12	JaccardIndex(description)	0.17179689844185775
2025-12-21_12:51:12	JaccardIndex(narrative)	0.10543466244075929
2025-12-21_12:51:12	JaccardIndex(combined)	0.13697194018286302
2025-12-21_13:23:45	missing_topics	2.0
2025-12-21_13:23:45	JaccardIndex(title)	0.5453533026113672
2025-12-21_13:23:45	JaccardIndex(description)	0.2078955801446114
2025-12-21_13:23:45	JaccardIndex(narrative)	0.10684017636420971
2025-12-21_13:23:45	JaccardIndex(combined)	0.14543850084691276
2025-11-25_14:47:54	missing_topics	2.0
2025-11-25_14:47:54	JaccardIndex(title)	0.374185547875064
2025-11-25_14:47:54	JaccardIndex(description)	0.15991244470104296
2025-11-25_14:47:54	JaccardIndex(narrative)	0.10143985622900674
2025-11-25_14:47:54	JaccardIndex(combined)	0.12655009953818974
2025-12-01_19:47:05	missing_topics	5.0
2025-12-01_19:47:05	JaccardIndex(title)	0.3922643343051506
2025-12-01_19:47:05	JaccardIndex(description)	0.18403578230363968
2025-12-01_19:47:05	JaccardIndex(narrative)	0.10242101491045882
2025-12-01_19:47:05	JaccardIndex(combined)	0.13667310174056205
2026-01-07_17:05:52	missing_topics	2.0
2026-01-07_17:05:52	RelativeLength(title)	1.2555965062479553
2026-01-07_17:05:52	RelativeLength(description)	1.548710691674112
2026-01-07_17:05:52	RelativeLength(narrative)	3.283586814528045
2026-01-07_17:05:52	RelativeLength(combined)	2.473415237687721
2025-12-06_08:34:53	missing_topics	2.0
2025-12-06_08:34:53	RelativeLength(title)	1.0986229242809915
2025-12-06_08:34:53	RelativeLength(description)	1.3232951632485561
2025-12-06_08:34:53	RelativeLength(narrative)	2.9099746290891124
2025-12-06_08:34:53	RelativeLength(combined)	2.1806523293849396
2025-12-25_09:59:10	missing_topics	2.0
2025-12-25_09:59:10	RelativeLength(title)	1.0219142896467988
2025-12-25_09:59:10	RelativeLength(description)	1.3407484955485278
2025-12-25_09:59:10	RelativeLength(narrative)	2.1739822845963044
2025-12-25_09:59:10	RelativeLength(combined)	1.7259456353546763
2025-12-21_15:58:14	missing_topics	2.0
2025-12-21_15:58:14	RelativeLength(title)	1.0536330421829792
2025-12-21_15:58:14	RelativeLength(description)	1.518674055090213
2025-12-21_15:58:14	RelativeLength(narrative)	3.0294976888750362
2025-12-21_15:58:14	RelativeLength(combined)	2.307305936305629
2026-01-07_16:27:03	missing_topics	2.0
2026-01-07_16:27:03	RelativeLength(title)	1.3996082865338533
2026-01-07_16:27:03	RelativeLength(description)	1.8221087268157752
2026-01-07_16:27:03	RelativeLength(narrative)	3.8953176720786034
2026-01-07_16:27:03	RelativeLength(combined)	2.9366580045657082
2026-01-07_16:33:03	missing_topics	2.0
2026-01-07_16:33:03	RelativeLength(title)	1.3719188475580113
2026-01-07_16:33:03	RelativeLength(description)	1.844303019277423
2026-01-07_16:33:03	RelativeLength(narrative)	3.976746839875141
2026-01-07_16:33:03	RelativeLength(combined)	2.9737534281438593
2025-12-01_12:25:54	missing_topics	2.0
2025-12-01_12:25:54	RelativeLength(title)	1.1750339396663185
2025-12-01_12:25:54	RelativeLength(description)	1.1928950735191333
2025-12-01_12:25:54	RelativeLength(narrative)	2.139958575790403
2025-12-01_12:25:54	RelativeLength(combined)	1.6738347115595928
2025-12-25_12:05:47	missing_topics	2.0
2025-12-25_12:05:47	RelativeLength(title)	1.0568458784142853
2025-12-25_12:05:47	RelativeLength(description)	1.358062541461753
2025-12-25_12:05:47	RelativeLength(narrative)	2.1587863077829073
2025-12-25_12:05:47	RelativeLength(combined)	1.725884595767235
2025-12-06_07:51:05	missing_topics	2.0
2025-12-06_07:51:05	RelativeLength(title)	1.0746062802824938
2025-12-06_07:51:05	RelativeLength(description)	1.2688921495369494
2025-12-06_07:51:05	RelativeLength(narrative)	2.797135897514012
2025-12-06_07:51:05	RelativeLength(combined)	2.096235174645097
2025-12-05_19:12:05	missing_topics	2.0
2025-12-05_19:12:05	RelativeLength(title)	1.07540206524688
2025-12-05_19:12:05	RelativeLength(description)	1.2596928990556622
2025-12-05_19:12:05	RelativeLength(narrative)	2.310957359435038
2025-12-05_19:12:05	RelativeLength(combined)	1.804466554095885
2025-11-25_14:14:47	missing_topics	2.0
2025-11-25_14:14:47	RelativeLength(title)	1.3313552899232184
2025-11-25_14:14:47	RelativeLength(description)	1.6276857831711895
2025-11-25_14:14:47	RelativeLength(narrative)	3.7463361174735508
2025-11-25_14:14:47	RelativeLength(combined)	2.7859531644978204
2025-12-01_20:16:06	missing_topics	8.0
2025-12-01_20:16:06	RelativeLength(title)	1.2071265093257575
2025-12-01_20:16:06	RelativeLength(description)	1.2588100976689829
2025-12-01_20:16:06	RelativeLength(narrative)	2.386068116064953
2025-12-01_20:16:06	RelativeLength(combined)	1.8513520922773965
2025-12-25_14:45:38	missing_topics	2.0
2025-12-25_14:45:38	RelativeLength(title)	1.1001347233443037
2025-12-25_14:45:38	RelativeLength(description)	1.400571422315644
2025-12-25_14:45:38	RelativeLength(narrative)	2.1893263444007682
2025-12-25_14:45:38	RelativeLength(combined)	1.760682707311239
2026-01-07_16:21:53	missing_topics	2.0
2026-01-07_16:21:53	RelativeLength(title)	1.3507626654070608
2026-01-07_16:21:53	RelativeLength(description)	1.7948260020695304
2026-01-07_16:21:53	RelativeLength(narrative)	3.7583083296541235
2026-01-07_16:21:53	RelativeLength(combined)	2.8334588972708796
2025-12-06_07:20:44	missing_topics	2.0
2025-12-06_07:20:44	RelativeLength(title)	1.0821090797714517
2025-12-06_07:20:44	RelativeLength(description)	1.2439984390425038
2025-12-06_07:20:44	RelativeLength(narrative)	2.647568080747534
2025-12-06_07:20:44	RelativeLength(combined)	2.0032191283488587
2025-11-25_14:51:47	missing_topics	2.0
2025-11-25_14:51:47	RelativeLength(title)	1.4077976942784232
2025-11-25_14:51:47	RelativeLength(description)	1.878000646779528
2025-11-25_14:51:47	RelativeLength(narrative)	4.38324770793286
2025-11-25_14:51:47	RelativeLength(combined)	3.2318247135374953
2025-11-25_14:56:59	missing_topics	2.0
2025-11-25_14:56:59	RelativeLength(title)	1.4774974647879364
2025-11-25_14:56:59	RelativeLength(description)	1.8883101021222939
2025-11-25_14:56:59	RelativeLength(narrative)	4.549783122969566
2025-11-25_14:56:59	RelativeLength(combined)	3.346735206906721
2025-12-05_15:21:43	missing_topics	2.0
2025-12-05_15:21:43	RelativeLength(title)	1.0693537761447844
2025-12-05_15:21:43	RelativeLength(description)	1.2264184801864804
2025-12-05_15:21:43	RelativeLength(narrative)	2.257811094084851
2025-12-05_15:21:43	RelativeLength(combined)	1.7542693651671912
2026-01-07_16:17:21	missing_topics	2.0
2026-01-07_16:17:21	RelativeLength(title)	1.3262565240355277
2026-01-07_16:17:21	RelativeLength(description)	1.7591285404441
2026-01-07_16:17:21	RelativeLength(narrative)	3.5117083601002204
2026-01-07_16:17:21	RelativeLength(combined)	2.672313119663354
2026-01-07_16:55:01	missing_topics	2.0
2026-01-07_16:55:01	RelativeLength(title)	1.22753759163902
2026-01-07_16:55:01	RelativeLength(description)	1.480850336802347
2026-01-07_16:55:01	RelativeLength(narrative)	3.1110583690424782
2026-01-07_16:55:01	RelativeLength(combined)	2.3516170670039465
2026-01-07_16:45:07	missing_topics	2.0
2026-01-07_16:45:07	RelativeLength(title)	1.2075183555722693
2026-01-07_16:45:07	RelativeLength(description)	1.4171272173410334
2026-01-07_16:45:07	RelativeLength(narrative)	3.0043034669058657
2026-01-07_16:45:07	RelativeLength(combined)	2.268661978351061
2025-12-01_11:00:01	missing_topics	2.0
2025-12-01_11:00:01	RelativeLength(title)	1.1876981447196402
2025-12-01_11:00:01	RelativeLength(description)	1.1599403685919185
2025-12-01_11:00:01	RelativeLength(narrative)	2.06729546392584
2025-12-01_11:00:01	RelativeLength(combined)	1.6257460619057869
2025-11-25_13:43:44	missing_topics	2.0
2025-11-25_13:43:44	RelativeLength(title)	1.1829098686144817
2025-11-25_13:43:44	RelativeLength(description)	1.3444126809664618
2025-11-25_13:43:44	RelativeLength(narrative)	2.774024883026739
2025-11-25_13:43:44	RelativeLength(combined)	2.1105489058033955
2025-12-06_01:24:39	missing_topics	2.0
2025-12-06_01:24:39	RelativeLength(title)	1.0641327256324304
2025-12-06_01:24:39	RelativeLength(description)	1.222530217824446
2025-12-06_01:24:39	RelativeLength(narrative)	2.539883307724216
2025-12-06_01:24:39	RelativeLength(combined)	1.9232220596938014
2025-12-21_16:14:53	missing_topics	2.0
2025-12-21_16:14:53	RelativeLength(title)	1.058259825480455
2025-12-21_16:14:53	RelativeLength(description)	1.6386513758999621
2025-12-21_16:14:53	RelativeLength(narrative)	3.1887025876260395
2025-12-21_16:14:53	RelativeLength(combined)	2.428453285059377
2025-12-21_14:46:17	missing_topics	2.0
2025-12-21_14:46:17	RelativeLength(title)	1.0569941594904975
2025-12-21_14:46:17	RelativeLength(description)	1.4717617811026598
2025-12-21_14:46:17	RelativeLength(narrative)	2.8793064338108985
2025-12-21_14:46:17	RelativeLength(combined)	2.1985302653326606
2025-12-01_16:08:39	missing_topics	3.0
2025-12-01_16:08:39	RelativeLength(title)	1.1685511147883325
2025-12-01_16:08:39	RelativeLength(description)	1.216476896000922
2025-12-01_16:08:39	RelativeLength(narrative)	2.2312779860549727
2025-12-01_16:08:39	RelativeLength(combined)	1.7357182034483591
2025-12-01_19:04:37	missing_topics	5.0
2025-12-01_19:04:37	RelativeLength(title)	1.1690745179940452
2025-12-01_19:04:37	RelativeLength(description)	1.2668526428771807
2025-12-01_19:04:37	RelativeLength(narrative)	2.2306040261559867
2025-12-01_19:04:37	RelativeLength(combined)	1.7533623720721794
2025-12-22_19:53:42	missing_topics	2.0
2025-12-22_19:53:42	RelativeLength(title)	0.964097572338673
2025-12-22_19:53:42	RelativeLength(description)	1.1977927629120626
2025-12-22_19:53:42	RelativeLength(narrative)	2.0226960063461092
2025-12-22_19:53:42	RelativeLength(combined)	1.5962846924246932
2026-01-07_16:54:45	missing_topics	2.0
2026-01-07_16:54:45	RelativeLength(title)	1.2321977900104677
2026-01-07_16:54:45	RelativeLength(description)	1.51334338005953
2026-01-07_16:54:45	RelativeLength(narrative)	3.217790049429491
2026-01-07_16:54:45	RelativeLength(combined)	2.4247668892854843
2025-12-21_16:26:42	missing_topics	3.0
2025-12-21_16:26:42	RelativeLength(title)	1.0500010907464925
2025-12-21_16:26:42	RelativeLength(description)	1.656850397456459
2025-12-21_16:26:42	RelativeLength(narrative)	3.347726398158589
2025-12-21_16:26:42	RelativeLength(combined)	2.535157308697745
2025-12-21_16:05:30	missing_topics	2.0
2025-12-21_16:05:30	RelativeLength(title)	1.0409830368578317
2025-12-21_16:05:30	RelativeLength(description)	1.5702986674905126
2025-12-21_16:05:30	RelativeLength(narrative)	3.094482453300133
2025-12-21_16:05:30	RelativeLength(combined)	2.353379935428929
2025-11-25_13:33:00	missing_topics	2.0
2025-11-25_13:33:00	RelativeLength(title)	1.30155768652328
2025-11-25_13:33:00	RelativeLength(description)	1.6350238155551704
2025-11-25_13:33:00	RelativeLength(narrative)	3.157505336496185
2025-11-25_13:33:00	RelativeLength(combined)	2.4234394525012215
2025-12-25_17:58:54	missing_topics	2.0
2025-12-25_17:58:54	RelativeLength(title)	1.1156426850434504
2025-12-25_17:58:54	RelativeLength(description)	1.380965146876608
2025-12-25_17:58:54	RelativeLength(narrative)	2.172569624180928
2025-12-25_17:58:54	RelativeLength(combined)	1.7453842098252033
2025-12-06_09:34:29	missing_topics	2.0
2025-12-06_09:34:29	RelativeLength(title)	1.0807777022682794
2025-12-06_09:34:29	RelativeLength(description)	1.3429360793133092
2025-12-06_09:34:29	RelativeLength(narrative)	2.9801718193340334
2025-12-06_09:34:29	RelativeLength(combined)	2.2230984780479166
2025-12-01_19:23:27	missing_topics	4.0
2025-12-01_19:23:27	RelativeLength(title)	1.2094725226772869
2025-12-01_19:23:27	RelativeLength(description)	1.2914952076290562
2025-12-01_19:23:27	RelativeLength(narrative)	2.363910165351112
2025-12-01_19:23:27	RelativeLength(combined)	1.8418422606099276
2025-11-25_14:45:17	missing_topics	2.0
2025-11-25_14:45:17	RelativeLength(title)	1.3603496230871979
2025-11-25_14:45:17	RelativeLength(description)	1.7891980428007608
2025-11-25_14:45:17	RelativeLength(narrative)	3.9366131454465147
2025-11-25_14:45:17	RelativeLength(combined)	2.9465579146461933
2025-12-21_12:51:12	missing_topics	2.0
2025-12-21_12:51:12	RelativeLength(title)	1.0731915500405111
2025-12-21_12:51:12	RelativeLength(description)	1.4614687218274383
2025-12-21_12:51:12	RelativeLength(narrative)	2.8195251372372554
2025-12-21_12:51:12	RelativeLength(combined)	2.1623741641214482
2025-12-21_13:23:45	missing_topics	2.0
2025-12-21_13:23:45	RelativeLength(title)	1.0575684287900966
2025-12-21_13:23:45	RelativeLength(description)	1.1945968204244735
2025-12-21_13:23:45	RelativeLength(narrative)	2.5235652214678237
2025-12-21_13:23:45	RelativeLength(combined)	1.906677181966457
2025-11-25_14:47:54	missing_topics	2.0
2025-11-25_14:47:54	RelativeLength(title)	1.3844950789186972
2025-11-25_14:47:54	RelativeLength(description)	1.8382968226509786
2025-11-25_14:47:54	RelativeLength(narrative)	4.284816576771056
2025-11-25_14:47:54	RelativeLength(combined)	3.1711147129657764
2025-12-01_19:47:05	missing_topics	5.0
2025-12-01_19:47:05	RelativeLength(title)	1.1944400410724598
2025-12-01_19:47:05	RelativeLength(description)	1.3013894767527538
2025-12-01_19:47:05	RelativeLength(narrative)	2.335288840332422
2025-12-01_19:47:05	RelativeLength(combined)	1.8405641684558567
2026-01-07_17:05:52	missing_topics	2.0
2026-01-07_17:05:52	CosineSimilarity(title)	0.8318296246711285
2026-01-07_17:05:52	CosineSimilarity(description)	0.7637763934270028
2026-01-07_17:05:52	CosineSimilarity(narrative)	0.666864063590765
2026-01-07_17:05:52	CosineSimilarity(combined)	0.7628463993990614
2025-12-06_08:34:53	missing_topics	2.0
2025-12-06_08:34:53	CosineSimilarity(title)	0.8229958538807207
2025-12-06_08:34:53	CosineSimilarity(description)	0.7779127095014818
2025-12-06_08:34:53	CosineSimilarity(narrative)	0.6901285528175293
2025-12-06_08:34:53	CosineSimilarity(combined)	0.7834587801368006
2025-12-25_09:59:10	missing_topics	2.0
2025-12-25_09:59:10	CosineSimilarity(title)	0.8857509394086176
2025-12-25_09:59:10	CosineSimilarity(description)	0.7689811937030284
2025-12-25_09:59:10	CosineSimilarity(narrative)	0.6633429348228439
2025-12-25_09:59:10	CosineSimilarity(combined)	0.7773570742818617
2025-12-21_15:58:14	missing_topics	2.0
2025-12-21_15:58:14	CosineSimilarity(title)	0.831265632724089
2025-12-21_15:58:14	CosineSimilarity(description)	0.7264184925344682
2025-12-21_15:58:14	CosineSimilarity(narrative)	0.6537501757904407
2025-12-21_15:58:14	CosineSimilarity(combined)	0.7307927129009077
2026-01-07_16:27:03	missing_topics	2.0
2026-01-07_16:27:03	CosineSimilarity(title)	0.7866042247342486
2026-01-07_16:27:03	CosineSimilarity(description)	0.7226668512749095
2026-01-07_16:27:03	CosineSimilarity(narrative)	0.6241963028066582
2026-01-07_16:27:03	CosineSimilarity(combined)	0.7022876499160644
2026-01-07_16:33:03	missing_topics	2.0
2026-01-07_16:33:03	CosineSimilarity(title)	0.7884552099651867
2026-01-07_16:33:03	CosineSimilarity(description)	0.7274644549094862
2026-01-07_16:33:03	CosineSimilarity(narrative)	0.6246996130193433
2026-01-07_16:33:03	CosineSimilarity(combined)	0.705417450697672
2025-12-01_12:25:54	missing_topics	2.0
2025-12-01_12:25:54	CosineSimilarity(title)	0.8093117258000758
2025-12-01_12:25:54	CosineSimilarity(description)	0.7664621151503055
2025-12-01_12:25:54	CosineSimilarity(narrative)	0.6612434722483158
2025-12-01_12:25:54	CosineSimilarity(combined)	0.7706360514125516
2025-12-25_12:05:47	missing_topics	2.0
2025-12-25_12:05:47	CosineSimilarity(title)	0.8984008070922667
2025-12-25_12:05:47	CosineSimilarity(description)	0.7625109352652104
2025-12-25_12:05:47	CosineSimilarity(narrative)	0.6640340161900367
2025-12-25_12:05:47	CosineSimilarity(combined)	0.7787776333430121
2025-12-06_07:51:05	missing_topics	2.0
2025-12-06_07:51:05	CosineSimilarity(title)	0.815795443471401
2025-12-06_07:51:05	CosineSimilarity(description)	0.7723826106277204
2025-12-06_07:51:05	CosineSimilarity(narrative)	0.6920944366964602
2025-12-06_07:51:05	CosineSimilarity(combined)	0.7800314300242932
2025-12-05_19:12:05	missing_topics	2.0
2025-12-05_19:12:05	CosineSimilarity(title)	0.8276993376353095
2025-12-05_19:12:05	CosineSimilarity(description)	0.774212419265701
2025-12-05_19:12:05	CosineSimilarity(narrative)	0.6723920443966505
2025-12-05_19:12:05	CosineSimilarity(combined)	0.7821656263643696
2025-11-25_14:14:47	missing_topics	2.0
2025-11-25_14:14:47	CosineSimilarity(title)	0.7845956594833443
2025-11-25_14:14:47	CosineSimilarity(description)	0.6966671233455981
2025-11-25_14:14:47	CosineSimilarity(narrative)	0.6132546628434812
2025-11-25_14:14:47	CosineSimilarity(combined)	0.6860958090232264
2025-12-01_20:16:06	missing_topics	8.0
2025-12-01_20:16:06	CosineSimilarity(title)	0.8100023419896433
2025-12-01_20:16:06	CosineSimilarity(description)	0.7612637802342738
2025-12-01_20:16:06	CosineSimilarity(narrative)	0.6700288524066121
2025-12-01_20:16:06	CosineSimilarity(combined)	0.7704220255298063
2025-12-25_14:45:38	missing_topics	2.0
2025-12-25_14:45:38	CosineSimilarity(title)	0.8978555445829707
2025-12-25_14:45:38	CosineSimilarity(description)	0.7673618298384451
2025-12-25_14:45:38	CosineSimilarity(narrative)	0.6594794631725357
2025-12-25_14:45:38	CosineSimilarity(combined)	0.7780400336750092
2026-01-07_16:21:53	missing_topics	2.0
2026-01-07_16:21:53	CosineSimilarity(title)	0.7903381281442219
2026-01-07_16:21:53	CosineSimilarity(description)	0.7203316332231606
2026-01-07_16:21:53	CosineSimilarity(narrative)	0.6222870032633504
2026-01-07_16:21:53	CosineSimilarity(combined)	0.7014146860568754
2025-12-06_07:20:44	missing_topics	2.0
2025-12-06_07:20:44	CosineSimilarity(title)	0.8290560276157433
2025-12-06_07:20:44	CosineSimilarity(description)	0.780824733237105
2025-12-06_07:20:44	CosineSimilarity(narrative)	0.6932401734013711
2025-12-06_07:20:44	CosineSimilarity(combined)	0.7852405888899681
2025-11-25_14:51:47	missing_topics	2.0
2025-11-25_14:51:47	CosineSimilarity(title)	0.7946374204850966
2025-11-25_14:51:47	CosineSimilarity(description)	0.7256719294574953
2025-11-25_14:51:47	CosineSimilarity(narrative)	0.6394166459719981
2025-11-25_14:51:47	CosineSimilarity(combined)	0.7096713352347573
2025-11-25_14:56:59	missing_topics	2.0
2025-11-25_14:56:59	CosineSimilarity(title)	0.8032968731056298
2025-11-25_14:56:59	CosineSimilarity(description)	0.7235734634582074
2025-11-25_14:56:59	CosineSimilarity(narrative)	0.6362887498351836
2025-11-25_14:56:59	CosineSimilarity(combined)	0.7075928271778168
2025-12-05_15:21:43	missing_topics	2.0
2025-12-05_15:21:43	CosineSimilarity(title)	0.8150617885253122
2025-12-05_15:21:43	CosineSimilarity(description)	0.7732900457997476
2025-12-05_15:21:43	CosineSimilarity(narrative)	0.6725149477922148
2025-12-05_15:21:43	CosineSimilarity(combined)	0.7793860737114183
2026-01-07_16:17:21	missing_topics	2.0
2026-01-07_16:17:21	CosineSimilarity(title)	0.7954219712485229
2026-01-07_16:17:21	CosineSimilarity(description)	0.7147082772947126
2026-01-07_16:17:21	CosineSimilarity(narrative)	0.6145758585583779
2026-01-07_16:17:21	CosineSimilarity(combined)	0.6979343286685405
2026-01-07_16:55:01	missing_topics	2.0
2026-01-07_16:55:01	CosineSimilarity(title)	0.8399559526193526
2026-01-07_16:55:01	CosineSimilarity(description)	0.7665087550638183
2026-01-07_16:55:01	CosineSimilarity(narrative)	0.6660166868879911
2026-01-07_16:55:01	CosineSimilarity(combined)	0.7672183823681646
2026-01-07_16:45:07	missing_topics	2.0
2026-01-07_16:45:07	CosineSimilarity(title)	0.8370619429455649
2026-01-07_16:45:07	CosineSimilarity(description)	0.7647501372041241
2026-01-07_16:45:07	CosineSimilarity(narrative)	0.6732353414258649
2026-01-07_16:45:07	CosineSimilarity(combined)	0.7692738002346408
2025-12-01_11:00:01	missing_topics	2.0
2025-12-01_11:00:01	CosineSimilarity(title)	0.8008910423565295
2025-12-01_11:00:01	CosineSimilarity(description)	0.7589236257537719
2025-12-01_11:00:01	CosineSimilarity(narrative)	0.6507944170866282
2025-12-01_11:00:01	CosineSimilarity(combined)	0.7675336885356134
2025-11-25_13:43:44	missing_topics	2.0
2025-11-25_13:43:44	CosineSimilarity(title)	0.8407845568032034
2025-11-25_13:43:44	CosineSimilarity(description)	0.7646395507599076
2025-11-25_13:43:44	CosineSimilarity(narrative)	0.6697484230802905
2025-11-25_13:43:44	CosineSimilarity(combined)	0.7694750394551985
2025-12-06_01:24:39	missing_topics	2.0
2025-12-06_01:24:39	CosineSimilarity(title)	0.8191988963874117
2025-12-06_01:24:39	CosineSimilarity(description)	0.7728184563738685
2025-12-06_01:24:39	CosineSimilarity(narrative)	0.687252672809747
2025-12-06_01:24:39	CosineSimilarity(combined)	0.7805116378491924
2025-12-21_16:14:53	missing_topics	2.0
2025-12-21_16:14:53	CosineSimilarity(title)	0.837865391325566
2025-12-21_16:14:53	CosineSimilarity(description)	0.723772625889509
2025-12-21_16:14:53	CosineSimilarity(narrative)	0.6585786622618476
2025-12-21_16:14:53	CosineSimilarity(combined)	0.7346564747633473
2025-12-21_14:46:17	missing_topics	2.0
2025-12-21_14:46:17	CosineSimilarity(title)	0.8255448877330749
2025-12-21_14:46:17	CosineSimilarity(description)	0.710175571422423
2025-12-21_14:46:17	CosineSimilarity(narrative)	0.6400594675252514
2025-12-21_14:46:17	CosineSimilarity(combined)	0.7158862875113564
2025-12-01_16:08:39	missing_topics	3.0
2025-12-01_16:08:39	CosineSimilarity(title)	0.8170468610850906
2025-12-01_16:08:39	CosineSimilarity(description)	0.7604232843105609
2025-12-01_16:08:39	CosineSimilarity(narrative)	0.6740684149718961
2025-12-01_16:08:39	CosineSimilarity(combined)	0.7764324905418674
2025-12-01_19:04:37	missing_topics	5.0
2025-12-01_19:04:37	CosineSimilarity(title)	0.8050075012810376
2025-12-01_19:04:37	CosineSimilarity(description)	0.7609039277446513
2025-12-01_19:04:37	CosineSimilarity(narrative)	0.674606725877645
2025-12-01_19:04:37	CosineSimilarity(combined)	0.7758971737355602
2025-12-22_19:53:42	missing_topics	2.0
2025-12-22_19:53:42	CosineSimilarity(title)	0.8883961800245508
2025-12-22_19:53:42	CosineSimilarity(description)	0.7742427412059999
2025-12-22_19:53:42	CosineSimilarity(narrative)	0.6661551309328887
2025-12-22_19:53:42	CosineSimilarity(combined)	0.7814585407895427
2026-01-07_16:54:45	missing_topics	2.0
2026-01-07_16:54:45	CosineSimilarity(title)	0.8324131124442623
2026-01-07_16:54:45	CosineSimilarity(description)	0.7650398013572539
2026-01-07_16:54:45	CosineSimilarity(narrative)	0.6653363596527807
2026-01-07_16:54:45	CosineSimilarity(combined)	0.7630544842010544
2025-12-21_16:26:42	missing_topics	3.0
2025-12-21_16:26:42	CosineSimilarity(title)	0.8356527931656432
2025-12-21_16:26:42	CosineSimilarity(description)	0.7247930716889107
2025-12-21_16:26:42	CosineSimilarity(narrative)	0.6594044409300152
2025-12-21_16:26:42	CosineSimilarity(combined)	0.7325424250320867
2025-12-21_16:05:30	missing_topics	2.0
2025-12-21_16:05:30	CosineSimilarity(title)	0.833262029794916
2025-12-21_16:05:30	CosineSimilarity(description)	0.7290868008088681
2025-12-21_16:05:30	CosineSimilarity(narrative)	0.6588577259211771
2025-12-21_16:05:30	CosineSimilarity(combined)	0.7363481149077415
2025-11-25_13:33:00	missing_topics	2.0
2025-11-25_13:33:00	CosineSimilarity(title)	0.7673271155405429
2025-11-25_13:33:00	CosineSimilarity(description)	0.6875713264509555
2025-11-25_13:33:00	CosineSimilarity(narrative)	0.6033584385389282
2025-11-25_13:33:00	CosineSimilarity(combined)	0.6772005964190729
2025-12-25_17:58:54	missing_topics	2.0
2025-12-25_17:58:54	CosineSimilarity(title)	0.8999992979750517
2025-12-25_17:58:54	CosineSimilarity(description)	0.7656250185062808
2025-12-25_17:58:54	CosineSimilarity(narrative)	0.661560115674811
2025-12-25_17:58:54	CosineSimilarity(combined)	0.7809146121144295
2025-12-06_09:34:29	missing_topics	2.0
2025-12-06_09:34:29	CosineSimilarity(title)	0.8236968738417472
2025-12-06_09:34:29	CosineSimilarity(description)	0.7712340482300327
2025-12-06_09:34:29	CosineSimilarity(narrative)	0.6890458754233776
2025-12-06_09:34:29	CosineSimilarity(combined)	0.7765126478287482
2025-12-01_19:23:27	missing_topics	4.0
2025-12-01_19:23:27	CosineSimilarity(title)	0.7960428468943611
2025-12-01_19:23:27	CosineSimilarity(description)	0.7620021268361952
2025-12-01_19:23:27	CosineSimilarity(narrative)	0.6725811896527686
2025-12-01_19:23:27	CosineSimilarity(combined)	0.7734567704724102
2025-11-25_14:45:17	missing_topics	2.0
2025-11-25_14:45:17	CosineSimilarity(title)	0.8026159902613971
2025-11-25_14:45:17	CosineSimilarity(description)	0.7223830940502305
2025-11-25_14:45:17	CosineSimilarity(narrative)	0.6363632080535735
2025-11-25_14:45:17	CosineSimilarity(combined)	0.7093086073235157
2025-12-21_12:51:12	missing_topics	2.0
2025-12-21_12:51:12	CosineSimilarity(title)	0.8208294572128404
2025-12-21_12:51:12	CosineSimilarity(description)	0.7092625039719767
2025-12-21_12:51:12	CosineSimilarity(narrative)	0.6233814676562625
2025-12-21_12:51:12	CosineSimilarity(combined)	0.703947167242727
2025-12-21_13:23:45	missing_topics	2.0
2025-12-21_13:23:45	CosineSimilarity(title)	0.8705695339989278
2025-12-21_13:23:45	CosineSimilarity(description)	0.768731483168179
2025-12-21_13:23:45	CosineSimilarity(narrative)	0.6744658652572862
2025-12-21_13:23:45	CosineSimilarity(combined)	0.778478054510009
2025-11-25_14:47:54	missing_topics	2.0
2025-11-25_14:47:54	CosineSimilarity(title)	0.7941037061353845
2025-11-25_14:47:54	CosineSimilarity(description)	0.7214639910887326
2025-11-25_14:47:54	CosineSimilarity(narrative)	0.637727715435528
2025-11-25_14:47:54	CosineSimilarity(combined)	0.7064169062481772
2025-12-01_19:47:05	missing_topics	5.0
2025-12-01_19:47:05	CosineSimilarity(title)	0.7964305062683261
2025-12-01_19:47:05	CosineSimilarity(description)	0.7647624330861228
2025-12-01_19:47:05	CosineSimilarity(narrative)	0.6666205233457138
2025-12-01_19:47:05	CosineSimilarity(combined)	0.7705508649349213
2026-01-07_17:05:52	model	Qwen3-30B
2025-12-06_08:34:53	model	GPT-OSS-120B-O
2025-12-25_09:59:10	model	Llama3.3-70B
2025-12-21_15:58:14	model	Qwen3-Next-80B
2026-01-07_16:27:03	model	Qwen3-30B
2026-01-07_16:33:03	model	Qwen3-30B
2025-12-01_12:25:54	model	GPT-OSS-20B
2025-12-25_12:05:47	model	Llama3.3-70B
2025-12-06_07:51:05	model	GPT-OSS-120B-O
2025-12-05_19:12:05	model	GPT-OSS-120B-O
2025-11-25_14:14:47	model	Qwen3-30B
2025-12-01_20:16:06	model	GPT-OSS-20B
2025-12-25_14:45:38	model	Llama3.3-70B
2026-01-07_16:21:53	model	Qwen3-30B
2025-12-06_07:20:44	model	GPT-OSS-120B-O
2025-11-25_14:51:47	model	Qwen3-30B
2025-11-25_14:56:59	model	Qwen3-30B
2025-12-05_15:21:43	model	GPT-OSS-120B-O
2026-01-07_16:17:21	model	Qwen3-30B
2026-01-07_16:55:01	model	Qwen3-30B
2026-01-07_16:45:07	model	Qwen3-30B
2025-12-01_11:00:01	model	GPT-OSS-20B
2025-11-25_13:43:44	model	Qwen3-30B
2025-12-06_01:24:39	model	GPT-OSS-120B-O
2025-12-21_16:14:53	model	Qwen3-Next-80B
2025-12-21_14:46:17	model	Qwen3-Next-80B
2025-12-01_16:08:39	model	GPT-OSS-20B
2025-12-01_19:04:37	model	GPT-OSS-20B
2025-12-22_19:53:42	model	Llama3.3-70B
2026-01-07_16:54:45	model	Qwen3-30B
2025-12-21_16:26:42	model	Qwen3-Next-80B
2025-12-21_16:05:30	model	Qwen3-Next-80B
2025-11-25_13:33:00	model	Qwen3-30B
2025-12-25_17:58:54	model	Llama3.3-70B
2025-12-06_09:34:29	model	GPT-OSS-120B-O
2025-12-01_19:23:27	model	GPT-OSS-20B
2025-11-25_14:45:17	model	Qwen3-30B
2025-12-21_12:51:12	model	Qwen3-Next-80B
2025-12-21_13:23:45	model	Qwen3-Next-80B
2025-11-25_14:47:54	model	Qwen3-30B
2025-12-01_19:47:05	model	GPT-OSS-20B
2026-01-07_17:05:52	data	robust
2025-12-06_08:34:53	data	robust
2025-12-25_09:59:10	data	robust
2025-12-21_15:58:14	data	robust
2026-01-07_16:27:03	data	robust
2026-01-07_16:33:03	data	robust
2025-12-01_12:25:54	data	robust
2025-12-25_12:05:47	data	robust
2025-12-06_07:51:05	data	robust
2025-12-05_19:12:05	data	robust
2025-11-25_14:14:47	data	robust
2025-12-01_20:16:06	data	robust
2025-12-25_14:45:38	data	robust
2026-01-07_16:21:53	data	robust
2025-12-06_07:20:44	data	robust
2025-11-25_14:51:47	data	robust
2025-11-25_14:56:59	data	robust
2025-12-05_15:21:43	data	robust
2026-01-07_16:17:21	data	robust
2026-01-07_16:55:01	data	robust
2026-01-07_16:45:07	data	robust
2025-12-01_11:00:01	data	robust
2025-11-25_13:43:44	data	robust
2025-12-06_01:24:39	data	robust
2025-12-21_16:14:53	data	robust
2025-12-21_14:46:17	data	robust
2025-12-01_16:08:39	data	robust
2025-12-01_19:04:37	data	robust
2025-12-22_19:53:42	data	robust
2026-01-07_16:54:45	data	robust
2025-12-21_16:26:42	data	robust
2025-12-21_16:05:30	data	robust
2025-11-25_13:33:00	data	robust
2025-12-25_17:58:54	data	robust
2025-12-06_09:34:29	data	robust
2025-12-01_19:23:27	data	robust
2025-11-25_14:45:17	data	robust
2025-12-21_12:51:12	data	robust
2025-12-21_13:23:45	data	robust
2025-11-25_14:47:54	data	robust
2025-12-01_19:47:05	data	robust
2026-01-07_17:05:52	prompt	topic-query-docs-neg
2025-12-06_08:34:53	prompt	topic-query-contrastive
2025-12-25_09:59:10	prompt	topic-query-contrastive
2025-12-21_15:58:14	prompt	topic-query-contrastive
2026-01-07_16:27:03	prompt	topic-query-docs-pos
2026-01-07_16:33:03	prompt	topic-query-docs-pos
2025-12-01_12:25:54	prompt	topic-query-docs-neg
2025-12-25_12:05:47	prompt	topic-query-contrastive
2025-12-06_07:51:05	prompt	topic-query-contrastive
2025-12-05_19:12:05	prompt	topic-query-docs-neg
2025-11-25_14:14:47	prompt	topic-query-contrastive
2025-12-01_20:16:06	prompt	topic-query-contrastive
2025-12-25_14:45:38	prompt	topic-query-contrastive
2026-01-07_16:21:53	prompt	topic-query-docs-pos
2025-12-06_07:20:44	prompt	topic-query-contrastive
2025-11-25_14:51:47	prompt	topic-query-contrastive
2025-11-25_14:56:59	prompt	topic-query-contrastive
2025-12-05_15:21:43	prompt	topic-query-docs-pos
2026-01-07_16:17:21	prompt	topic-query-docs-pos
2026-01-07_16:55:01	prompt	topic-query-docs-neg
2026-01-07_16:45:07	prompt	topic-query-docs-neg
2025-12-01_11:00:01	prompt	topic-query-docs-pos
2025-11-25_13:43:44	prompt	topic-query-docs-neg
2025-12-06_01:24:39	prompt	topic-query-contrastive
2025-12-21_16:14:53	prompt	topic-query-contrastive
2025-12-21_14:46:17	prompt	topic-query-contrastive
2025-12-01_16:08:39	prompt	topic-query-contrastive
2025-12-01_19:04:37	prompt	topic-query-contrastive
2025-12-22_19:53:42	prompt	topic-query-contrastive
2026-01-07_16:54:45	prompt	topic-query-docs-neg
2025-12-21_16:26:42	prompt	topic-query-contrastive
2025-12-21_16:05:30	prompt	topic-query-contrastive
2025-11-25_13:33:00	prompt	topic-query-docs-pos
2025-12-25_17:58:54	prompt	topic-query-contrastive
2025-12-06_09:34:29	prompt	topic-query-contrastive
2025-12-01_19:23:27	prompt	topic-query-contrastive
2025-11-25_14:45:17	prompt	topic-query-contrastive
2025-12-21_12:51:12	prompt	topic-query-docs-pos
2025-12-21_13:23:45	prompt	topic-query-docs-neg
2025-11-25_14:47:54	prompt	topic-query-contrastive
2025-12-01_19:47:05	prompt	topic-query-contrastive
2026-01-07_17:05:52	k	
2025-12-06_08:34:53	k	
2025-12-25_09:59:10	k	
2025-12-21_15:58:14	k	
2026-01-07_16:27:03	k	
2026-01-07_16:33:03	k	
2025-12-01_12:25:54	k	
2025-12-25_12:05:47	k	
2025-12-06_07:51:05	k	
2025-12-05_19:12:05	k	
2025-11-25_14:14:47	k	
2025-12-01_20:16:06	k	
2025-12-25_14:45:38	k	
2026-01-07_16:21:53	k	
2025-12-06_07:20:44	k	
2025-11-25_14:51:47	k	
2025-11-25_14:56:59	k	
2025-12-05_15:21:43	k	
2026-01-07_16:17:21	k	
2026-01-07_16:55:01	k	
2026-01-07_16:45:07	k	
2025-12-01_11:00:01	k	
2025-11-25_13:43:44	k	
2025-12-06_01:24:39	k	
2025-12-21_16:14:53	k	
2025-12-21_14:46:17	k	
2025-12-01_16:08:39	k	
2025-12-01_19:04:37	k	
2025-12-22_19:53:42	k	
2026-01-07_16:54:45	k	
2025-12-21_16:26:42	k	
2025-12-21_16:05:30	k	
2025-11-25_13:33:00	k	
2025-12-25_17:58:54	k	
2025-12-06_09:34:29	k	
2025-12-01_19:23:27	k	
2025-11-25_14:45:17	k	
2025-12-21_12:51:12	k	
2025-12-21_13:23:45	k	
2025-11-25_14:47:54	k	
2025-12-01_19:47:05	k	
2026-01-07_17:05:52	nqueries	1
2025-12-06_08:34:53	nqueries	1
2025-12-25_09:59:10	nqueries	1
2025-12-21_15:58:14	nqueries	1
2026-01-07_16:27:03	nqueries	1
2026-01-07_16:33:03	nqueries	1
2025-12-01_12:25:54	nqueries	1
2025-12-25_12:05:47	nqueries	1
2025-12-06_07:51:05	nqueries	1
2025-12-05_19:12:05	nqueries	1
2025-11-25_14:14:47	nqueries	1
2025-12-01_20:16:06	nqueries	1
2025-12-25_14:45:38	nqueries	1
2026-01-07_16:21:53	nqueries	1
2025-12-06_07:20:44	nqueries	1
2025-11-25_14:51:47	nqueries	1
2025-11-25_14:56:59	nqueries	1
2025-12-05_15:21:43	nqueries	1
2026-01-07_16:17:21	nqueries	1
2026-01-07_16:55:01	nqueries	1
2026-01-07_16:45:07	nqueries	1
2025-12-01_11:00:01	nqueries	1
2025-11-25_13:43:44	nqueries	1
2025-12-06_01:24:39	nqueries	1
2025-12-21_16:14:53	nqueries	1
2025-12-21_14:46:17	nqueries	1
2025-12-01_16:08:39	nqueries	1
2025-12-01_19:04:37	nqueries	1
2025-12-22_19:53:42	nqueries	1
2026-01-07_16:54:45	nqueries	1
2025-12-21_16:26:42	nqueries	1
2025-12-21_16:05:30	nqueries	1
2025-11-25_13:33:00	nqueries	1
2025-12-25_17:58:54	nqueries	1
2025-12-06_09:34:29	nqueries	1
2025-12-01_19:23:27	nqueries	1
2025-11-25_14:45:17	nqueries	1
2025-12-21_12:51:12	nqueries	1
2025-12-21_13:23:45	nqueries	1
2025-11-25_14:47:54	nqueries	1
2025-12-01_19:47:05	nqueries	1
2026-01-07_17:05:52	ndocspos	0
2025-12-06_08:34:53	ndocspos	4
2025-12-25_09:59:10	ndocspos	2
2025-12-21_15:58:14	ndocspos	2
2026-01-07_16:27:03	ndocspos	4
2026-01-07_16:33:03	ndocspos	5
2025-12-01_12:25:54	ndocspos	0
2025-12-25_12:05:47	ndocspos	3
2025-12-06_07:51:05	ndocspos	3
2025-12-05_19:12:05	ndocspos	0
2025-11-25_14:14:47	ndocspos	1
2025-12-01_20:16:06	ndocspos	5
2025-12-25_14:45:38	ndocspos	4
2026-01-07_16:21:53	ndocspos	3
2025-12-06_07:20:44	ndocspos	2
2025-11-25_14:51:47	ndocspos	4
2025-11-25_14:56:59	ndocspos	5
2025-12-05_15:21:43	ndocspos	1
2026-01-07_16:17:21	ndocspos	2
2026-01-07_16:55:01	ndocspos	0
2026-01-07_16:45:07	ndocspos	0
2025-12-01_11:00:01	ndocspos	1
2025-11-25_13:43:44	ndocspos	0
2025-12-06_01:24:39	ndocspos	1
2025-12-21_16:14:53	ndocspos	4
2025-12-21_14:46:17	ndocspos	1
2025-12-01_16:08:39	ndocspos	1
2025-12-01_19:04:37	ndocspos	2
2025-12-22_19:53:42	ndocspos	1
2026-01-07_16:54:45	ndocspos	0
2025-12-21_16:26:42	ndocspos	5
2025-12-21_16:05:30	ndocspos	3
2025-11-25_13:33:00	ndocspos	1
2025-12-25_17:58:54	ndocspos	5
2025-12-06_09:34:29	ndocspos	5
2025-12-01_19:23:27	ndocspos	3
2025-11-25_14:45:17	ndocspos	2
2025-12-21_12:51:12	ndocspos	1
2025-12-21_13:23:45	ndocspos	0
2025-11-25_14:47:54	ndocspos	3
2025-12-01_19:47:05	ndocspos	4
2026-01-07_17:05:52	ndocsneg	5
2025-12-06_08:34:53	ndocsneg	4
2025-12-25_09:59:10	ndocsneg	2
2025-12-21_15:58:14	ndocsneg	2
2026-01-07_16:27:03	ndocsneg	0
2026-01-07_16:33:03	ndocsneg	0
2025-12-01_12:25:54	ndocsneg	1
2025-12-25_12:05:47	ndocsneg	3
2025-12-06_07:51:05	ndocsneg	3
2025-12-05_19:12:05	ndocsneg	1
2025-11-25_14:14:47	ndocsneg	1
2025-12-01_20:16:06	ndocsneg	5
2025-12-25_14:45:38	ndocsneg	4
2026-01-07_16:21:53	ndocsneg	0
2025-12-06_07:20:44	ndocsneg	2
2025-11-25_14:51:47	ndocsneg	4
2025-11-25_14:56:59	ndocsneg	5
2025-12-05_15:21:43	ndocsneg	0
2026-01-07_16:17:21	ndocsneg	0
2026-01-07_16:55:01	ndocsneg	3
2026-01-07_16:45:07	ndocsneg	2
2025-12-01_11:00:01	ndocsneg	0
2025-11-25_13:43:44	ndocsneg	1
2025-12-06_01:24:39	ndocsneg	1
2025-12-21_16:14:53	ndocsneg	4
2025-12-21_14:46:17	ndocsneg	1
2025-12-01_16:08:39	ndocsneg	1
2025-12-01_19:04:37	ndocsneg	2
2025-12-22_19:53:42	ndocsneg	1
2026-01-07_16:54:45	ndocsneg	4
2025-12-21_16:26:42	ndocsneg	5
2025-12-21_16:05:30	ndocsneg	3
2025-11-25_13:33:00	ndocsneg	0
2025-12-25_17:58:54	ndocsneg	5
2025-12-06_09:34:29	ndocsneg	5
2025-12-01_19:23:27	ndocsneg	3
2025-11-25_14:45:17	ndocsneg	2
2025-12-21_12:51:12	ndocsneg	0
2025-12-21_13:23:45	ndocsneg	1
2025-11-25_14:47:54	ndocsneg	3
2025-12-01_19:47:05	ndocsneg	4
2026-01-07_17:05:52	output	../data/interim/robust/topics-q1
2025-12-06_08:34:53	output	../data/interim/topics-robust
2025-12-25_09:59:10	output	../data/interim/robust/topics
2025-12-21_15:58:14	output	../data/interim/robust/topics
2026-01-07_16:27:03	output	../data/interim/robust/topics-q1
2026-01-07_16:33:03	output	../data/interim/robust/topics-q1
2025-12-01_12:25:54	output	../data/interim/topics-robust
2025-12-25_12:05:47	output	../data/interim/robust/topics
2025-12-06_07:51:05	output	../data/interim/topics-robust
2025-12-05_19:12:05	output	../data/interim/topics-robust
2025-11-25_14:14:47	output	../data/interim/robust-gen-topics
2025-12-01_20:16:06	output	../data/interim/topics-robust
2025-12-25_14:45:38	output	../data/interim/robust/topics
2026-01-07_16:21:53	output	../data/interim/robust/topics-q1
2025-12-06_07:20:44	output	../data/interim/topics-robust
2025-11-25_14:51:47	output	../data/interim/robust-gen-topics
2025-11-25_14:56:59	output	../data/interim/robust-gen-topics
2025-12-05_15:21:43	output	../data/interim/topics-robust
2026-01-07_16:17:21	output	../data/interim/robust/topics-q1
2026-01-07_16:55:01	output	../data/interim/robust/topics-q1
2026-01-07_16:45:07	output	../data/interim/robust/topics-q1
2025-12-01_11:00:01	output	../data/interim/topics-robust
2025-11-25_13:43:44	output	../data/interim/robust-gen-topics
2025-12-06_01:24:39	output	../data/interim/topics-robust
2025-12-21_16:14:53	output	../data/interim/robust/topics
2025-12-21_14:46:17	output	../data/interim/robust/topics
2025-12-01_16:08:39	output	../data/interim/topics-robust
2025-12-01_19:04:37	output	../data/interim/topics-robust
2025-12-22_19:53:42	output	../data/interim/robust/topics
2026-01-07_16:54:45	output	../data/interim/robust/topics-q1
2025-12-21_16:26:42	output	../data/interim/robust/topics
2025-12-21_16:05:30	output	../data/interim/robust/topics
2025-11-25_13:33:00	output	../data/interim/robust-gen-topics
2025-12-25_17:58:54	output	../data/interim/robust/topics
2025-12-06_09:34:29	output	../data/interim/topics-robust
2025-12-01_19:23:27	output	../data/interim/topics-robust
2025-11-25_14:45:17	output	../data/interim/robust-gen-topics
2025-12-21_12:51:12	output	../data/interim/robust/topics
2025-12-21_13:23:45	output	../data/interim/robust/topics
2025-11-25_14:47:54	output	../data/interim/robust-gen-topics
2025-12-01_19:47:05	output	../data/interim/topics-robust
2026-01-07_17:05:52	task	topics
2025-12-06_08:34:53	task	topics
2025-12-25_09:59:10	task	topics
2025-12-21_15:58:14	task	topics
2026-01-07_16:27:03	task	topics
2026-01-07_16:33:03	task	topics
2025-12-01_12:25:54	task	topics
2025-12-25_12:05:47	task	topics
2025-12-06_07:51:05	task	topics
2025-12-05_19:12:05	task	topics
2025-11-25_14:14:47	task	topics
2025-12-01_20:16:06	task	topics
2025-12-25_14:45:38	task	topics
2026-01-07_16:21:53	task	topics
2025-12-06_07:20:44	task	topics
2025-11-25_14:51:47	task	topics
2025-11-25_14:56:59	task	topics
2025-12-05_15:21:43	task	topics
2026-01-07_16:17:21	task	topics
2026-01-07_16:55:01	task	topics
2026-01-07_16:45:07	task	topics
2025-12-01_11:00:01	task	topics
2025-11-25_13:43:44	task	topics
2025-12-06_01:24:39	task	topics
2025-12-21_16:14:53	task	topics
2025-12-21_14:46:17	task	topics
2025-12-01_16:08:39	task	topics
2025-12-01_19:04:37	task	topics
2025-12-22_19:53:42	task	topics
2026-01-07_16:54:45	task	topics
2025-12-21_16:26:42	task	topics
2025-12-21_16:05:30	task	topics
2025-11-25_13:33:00	task	topics
2025-12-25_17:58:54	task	topics
2025-12-06_09:34:29	task	topics
2025-12-01_19:23:27	task	topics
2025-11-25_14:45:17	task	topics
2025-12-21_12:51:12	task	topics
2025-12-21_13:23:45	task	topics
2025-11-25_14:47:54	task	topics
2025-12-01_19:47:05	task	topics
